{"cameraMode":{"drawMode":0,"name":"Shaded","section":"Shading Mode"},"sceneLighting":true,"audioPlay":false,"sceneViewState":{"showFog":true,"showMaterialUpdate":false,"showSkybox":true,"showFlares":true,"showImageEffects":true,"showParticleSystems":true},"in2DMode":false,"pivot":{"x":0.897602915763855,"y":8.888134002685547,"z":-0.2076854705810547},"rotation":{"x":0.22117909789085389,"y":-0.1383621245622635,"z":0.03207385912537575,"w":0.9652252793312073},"size":4.0578837394714359,"orthographic":false}