{"cameraMode":{"drawMode":0,"name":"Shaded","section":"Shading Mode"},"sceneLighting":true,"audioPlay":false,"sceneViewState":{"showFog":true,"showMaterialUpdate":false,"showSkybox":true,"showFlares":true,"showImageEffects":true,"showParticleSystems":true},"in2DMode":false,"pivot":{"x":12.288446426391602,"y":6.427740097045898,"z":-0.17093300819396974},"rotation":{"x":-0.07354804873466492,"y":-0.6549476385116577,"z":0.06425055861473084,"w":-0.7494305968284607},"size":9.709181785583496,"orthographic":false}