{"cameraMode":{"drawMode":0,"name":"Shaded","section":"Shading Mode"},"sceneLighting":true,"audioPlay":false,"sceneViewState":{"showFog":true,"showMaterialUpdate":false,"showSkybox":true,"showFlares":true,"showImageEffects":true,"showParticleSystems":true},"in2DMode":false,"pivot":{"x":-1.643610954284668,"y":4.604029655456543,"z":4.695094585418701},"rotation":{"x":-0.17492783069610597,"y":-0.42485353350639346,"z":0.08405771106481552,"w":-0.8842446208000183},"size":20.140064239501954,"orthographic":false}